{
  "learning_rate": 0.012020338353108924,
  "num_leaves": 31,
  "max_depth": 3,
  "min_child_samples": 29,
  "subsample": 0.7554709158757927,
  "colsample_bytree": 0.6356745158869479,
  "reg_alpha": 0.7838134236608695,
  "reg_lambda": 0.0060780830996819525,
  "objective": "regression",
  "metric": "rmse",
  "n_estimators": 2523,
  "random_state": 42,
  "n_jobs": 1,
  "verbosity": -1
}