{
  "learning_rate": 0.034902854606300035,
  "num_leaves": 93,
  "max_depth": 3,
  "min_child_samples": 78,
  "subsample": 0.9329770563201687,
  "colsample_bytree": 0.6061695553391381,
  "reg_alpha": 0.0007151383480402494,
  "reg_lambda": 0.0008260808399079611,
  "objective": "regression",
  "metric": "rmse",
  "n_estimators": 2685,
  "random_state": 42,
  "n_jobs": 1,
  "verbosity": -1
}