{
  "learning_rate": 0.0155343466849326,
  "num_leaves": 25,
  "max_depth": 3,
  "min_child_samples": 40,
  "subsample": 0.9276269504938004,
  "colsample_bytree": 0.6228013313768587,
  "reg_alpha": 0.021064220053368873,
  "reg_lambda": 1.1985307654447117,
  "objective": "regression",
  "metric": "rmse",
  "n_estimators": 4290,
  "random_state": 42,
  "n_jobs": 1,
  "verbosity": -1
}