{
  "learning_rate": 0.011448469784568732,
  "num_leaves": 122,
  "max_depth": 10,
  "min_child_samples": 66,
  "subsample": 0.7218455076693483,
  "colsample_bytree": 0.5488360570031919,
  "reg_alpha": 0.16413094407760043,
  "reg_lambda": 0.015876781526923997,
  "objective": "regression",
  "metric": "rmse",
  "n_estimators": 1709,
  "random_state": 42,
  "n_jobs": 1,
  "verbosity": -1
}