target,feature_set,model_name,r2_mean,r2_std,rmse_mean,rmse_std,mae_mean,mae_std,pearson_r_mean,folds
S1_VH,embedding_plus_context,lightgbm,0.9445021501753929,0.0038488550657719183,1.1677141293099182,0.04171375980697468,0.8763469161140719,0.025696468307712498,0.9721127388215001,12
S1_VV,embedding_plus_context,lightgbm,0.9147477876875086,0.011734600431161023,1.1298166153783988,0.07474214226418306,0.8053437087774471,0.032240843246580816,0.9570594777479102,12
S1_VV_div_VH,embedding_only,lightgbm,0.7319163411894357,0.02928724278710809,1.0627437947006022,0.04882782023706216,0.7859546984145691,0.024753113647795484,0.856282624055699,12
