{
  "learning_rate": 0.025815006344207535,
  "num_leaves": 103,
  "max_depth": 4,
  "min_child_samples": 44,
  "subsample": 0.836965827544817,
  "colsample_bytree": 0.5232252063599989,
  "reg_alpha": 0.071587143831198,
  "reg_lambda": 0.0007122305833333872,
  "objective": "regression",
  "metric": "rmse",
  "n_estimators": 799,
  "random_state": 42,
  "n_jobs": 1,
  "verbosity": -1
}